9SIA67S2154813,22-136-313,266
9SIA67S49S4611,22-136-847,80
9SIA4MR4FE1483,22-152-096,80
9SIAAEE3Y60542,22-148-095,80
9SIAAEE4BR1346,22-148-064,81
9SIAAEE3YN7219,22-148-143,83
9SIABZ053E9630,22-136-497,83
9SIA67S2157746,22-136-199,83
9SIAAEE43Z7184,22-148-034,91
9SIAAEE41B8831,22-144-153,91
9SIAAEE4BJ8204,22-148-149,92
9SIAAR43ZU6859,22-148-003,92
9SIA4MR3W26430,22-144-359,92
N82E16822136979,22-136-979,92
9SIAAEE3ZZ6289,22-148-039,94
9SIA4MR3W18141,22-152-085,95
9SIA5AD4YZ4354,22-136-292,97
9SIA8U24R07013,22-136-828,97
9SIA5AD2AE3298,22-136-941,100
N82E16822148907,22-148-907,100
N82E16822178392,22-178-392,100
9SIAAEE4FA1981,22-145-213,101
9SIAAEE4SK1872,22-136-110,102
9SIA9HJ3JX9186,22-136-457,107
9SIABZ053E9730,22-145-137,111
N82E16822178391,22-178-391,112
N82E16822148321,22-148-321,114
9SIA5AD3WD9839,22-136-579,117
9SIA67S3N30700,22-148-764,119
9SIAAEE4BK7802,22-148-397,120
9SIA9HJ3JJ5795,22-236-243,121
9SIA4T01HJ4903,22-178-379,122
9SIABZ053E9438,22-148-105,123
9SIABZ053R3814,22-145-166,123
9SIABZ053E9216,22-145-533,120
9SIA9HJ3H87752,22-236-622,123
9SIAAEE4TK7003,22-148-032,124
N82E16822236342,22-236-342,125
9SIA67S2181579,22-144-154,126
9SIA9HJ3JJ5812,22-236-623,127
N82E16822149382,22-149-382,125
9SIAAEE4TK4839,22-148-142,129
9SIA67S3G59338,22-148-013,129
9SIA9SC4R93618,22-236-070,133
9SIA0AJ2TX5484,22-144-016,134
9SIAAEE3ZJ5093,22-148-469,145
9SIAAEE4SF4796,22-136-456,147
9SIABZ053E9517,22-144-126,149
9SIABZ053E5380,22-148-015,149
9SIAAEE4SK1878,22-144-416,152
9SIA0AJ47K5316,22-149-397,154
9SIAAEE3X37638,22-136-929,155
9SIA6AH2153206,22-236-604,157
N82E16822178393,22-178-393,158
9SIAAEE4BY2475,22-136-783,157
9SIAAEE4SK1243,22-136-032,162
9SIABS64WT5373,22-148-247,163
9SIABS64TJ6874,22-148-111,163
9SIAAEE3YE8934,22-144-129,166
9SIAAEE4TK5113,22-148-411,170
9SIA4MR3W15999,22-144-422,171
9SIA5AD2YK8509,22-148-294,173
9SIABZ053E9576,22-148-107,174
9SIAAEE4WT8251,22-136-014,182
9SIAAEE48J7497,22-144-423,183
9SIAAEE3ZZ7559,22-148-040,187
9SIA9HJ3JX9155,22-136-767,188
9SIABS64XB1628,22-148-135,189
9SIA4MR4ME3091,22-136-298,188
9SIAAR43ZU7298,22-148-236,190
9SIA67S2181810,22-136-055,191
9SIAAEE4TK4969,22-148-138,194
9SIA67S2K85076,22-144-203,195
9SIA9DE3SA7099,22-136-770,198
9SIAAEE3VN6643,22-148-230,199
9SIA9SC4P96477,22-136-195,202
9SIA9DE3SA7183,22-136-771,202
9SIAAEE3ZZ7521,22-148-316,203
9SIA67S2982981,22-136-054,205
9SIA9SC4NS9855,22-136-798,204
9SIAAEE3WF4427,22-148-278,211
9SIAAEE3ZZ7628,22-148-506,217
9SIA67S2MJ6064,22-140-118,220
9SIAAEE3XR1036,22-136-109,223
9SIA0AJ1KD0371,22-145-167,228
9SIA5AD4YN8547,22-136-149,233
N82E16822236599,22-236-599,236
9SIABZ053E6259,22-136-359,237
9SIA5AD5BB3757,22-148-701,238
9SIA4F94NM3627,22-236-404,239
9SIA2W02KN0960,22-149-407,239
9SIA9HJ3KG2946,22-236-244,240
9SIA5AD1P56630,22-148-451,248
N82E16822148910,22-148-910,255
9SIAAEE4SK1879,22-136-010,256
9SIA9HJ3JJ4539,22-236-345,259
N82E16822145912,22-145-912,264
9SIAAEE4FM5722,22-145-082,267
9SIAAEE4TK3620,22-148-445,279
9SIA9SC4RS1207,22-136-697,279
9SIA67S2G23671,22-148-309,281
9SIAAEE3VU8245,22-145-473,280
9SIABS64WP6118,22-148-412,284
9SIA2W02KN0962,22-149-408,286
9SIA67S21C0634,22-136-555,289
N82E16822178380,22-178-380,293
9SIAAEE4WT8246,22-136-150,297
9SIA5AD4RB3611,22-145-298,299
9SIAAEE41G9634,22-145-299,310
9SIA5AD5C39429,22-148-231,310
9SIA67S3N28970,22-148-139,326
9SIAAEE48J6992,22-144-309,336
9SIAAEE56H3730,22-148-373,337
9SIA9HJ3JJ4494,22-236-624,338
9SIABB75BD0735,22-178-381,338
9SIAAAW59B4405,22-136-178,340
9SIAAEE4BR1284,22-148-134,340
9SIABZ053N0534,22-136-161,344
9SIAAEE48T3468,22-136-351,346
9SIAAEE4M67309,22-136-062,353
9SIABB75BE0409,22-136-874,360
9SIA6AH2152935,22-136-891,368
N82E16822236343,22-236-343,375
9SIAAEE43W3454,22-148-144,384
9SIABZ053F0072,22-136-003,391
9SIA5AD45R8528,22-136-113,391
9SIA0AJ1RH1076,22-136-795,392
9SIA5AD4R59999,22-178-338,402
9SIA67S2N05847,22-148-335,406
9SIAAEE4TK3654,22-148-065,414
9SIABZ053P1905,22-144-415,424
9SIAAEE4WT8534,22-136-111,424
9SIAAEE3XE0748,22-136-112,458
9SIA4RE32B9698,22-145-287,460
9SIABZ053K5424,22-144-417,462
9SIA0AJ1T23988,22-145-215,466
9SIAAEE4F65004,22-136-534,475
N82E16822148261,22-148-261,482
9SIAAEE3YP8919,22-136-344,505
9SIAAEE3XR1053,22-144-102,506
9SIA9HJ3JJ4491,22-136-792,507
9SIA67S2GV2899,22-148-298,511
9SIA9HJ3JJ4550,22-236-625,533
9SIA5AD5440495,22-148-767,549
9SIA6AH23T8730,22-136-358,551
9SIA67S2982955,22-136-131,558
9SIA67S2154828,22-136-490,562
9SIAAEE41B9359,22-136-011,566
9SIABZ053G6927,22-136-260,587
9SIAAEE41B8829,22-144-200,614
9SIA67S2982984,22-136-151,615
9SIAAEE41B8830,22-136-513,623
9SIA67S20W7450,22-145-475,637
9SIABZ053R3808,22-145-304,644
9SIABS64TK5868,22-148-413,647
N82E16822236344,22-236-344,654
9SIAAEE3YS2034,22-136-033,665
9SIAAEE3WC4137,22-148-274,670
9SIA4RE32B9692,22-145-233,691
9SIAAEE46T6110,22-136-322,726
9SIAAEE3ZZ7556,22-148-136,828
9SIA6AH5455731,22-136-296,834
9SIA5AD3SC2092,22-136-098,891
9SIA0AJ2YR4181,22-152-102,919
9SIAAEE4SF4804,22-136-012,992
